model,accuracy,f1_macro,train_time,pred_time
XGBoost,0.8050035486160397,0.7834296981280663,30.14114761352539,0.168442964553833
GRU Neural Network,0.7738200851667849,0.7510851532845183,499.86707067489624,2.7619552612304688
Random Forest,0.7668115684882896,0.7409503934577534,10.955287456512451,0.10878729820251465
Neural Network,0.7904542228530873,0.5982742850771225,131.15092945098877,1.0330274105072021
