model,accuracy,f1_macro,train_time,pred_time
Neural Network,0.8315294535131299,0.6629111049757394,489.1461625099182,0.633277416229248
XGBoost,0.8050035486160397,0.6028750912596108,210.45175123214722,0.3067803382873535
Random Forest,0.7584279630943932,0.5110314480084228,403.4291124343872,0.2072124481201172
